-- MySQL Script generated by MySQL Workbench
-- Tue 26 Jan 2016 12:07:07 CET
-- Model: New Model    Version: 1.0
-- MySQL Workbench Forward Engineering

SET @OLD_UNIQUE_CHECKS=@@UNIQUE_CHECKS, UNIQUE_CHECKS=0;
SET @OLD_FOREIGN_KEY_CHECKS=@@FOREIGN_KEY_CHECKS, FOREIGN_KEY_CHECKS=0;
SET @OLD_SQL_MODE=@@SQL_MODE, SQL_MODE='TRADITIONAL,ALLOW_INVALID_DATES';

-- -----------------------------------------------------
-- Schema mydb
-- -----------------------------------------------------
-- -----------------------------------------------------
-- Schema PGP_grupo11
-- -----------------------------------------------------
DROP SCHEMA IF EXISTS `PGP_grupo11` ;

-- -----------------------------------------------------
-- Schema PGP_grupo11
-- -----------------------------------------------------
CREATE SCHEMA IF NOT EXISTS `PGP_grupo11` DEFAULT CHARACTER SET latin1 ;
USE `PGP_grupo11` ;

-- -----------------------------------------------------
-- Table `PGP_grupo11`.`Trabajador`
-- -----------------------------------------------------
CREATE TABLE IF NOT EXISTS `PGP_grupo11`.`Trabajador` (
  `user` VARCHAR(100) NOT NULL COMMENT '',
  `password` VARCHAR(100) NOT NULL DEFAULT 'password' COMMENT '',
  `tipoCategoria` INT(11) NOT NULL COMMENT '',
  PRIMARY KEY (`user`)  COMMENT '')
ENGINE = InnoDB
DEFAULT CHARACTER SET = latin1;


-- -----------------------------------------------------
-- Table `PGP_grupo11`.`Proyecto`
-- -----------------------------------------------------
CREATE TABLE IF NOT EXISTS `PGP_grupo11`.`Proyecto` (
  `nombreProyecto` VARCHAR(100) NOT NULL COMMENT '',
  `fechaInicio` DATE NULL DEFAULT NULL COMMENT '',
  `fechaFin` DATE NULL DEFAULT NULL COMMENT '',
  `fechaFinReal` DATE NULL DEFAULT NULL COMMENT '',
  `duracion` INT(11) NULL COMMENT '',
  `duracionReal` INT(11) NULL COMMENT '',
  `jefeProyecto` VARCHAR(100) NOT NULL COMMENT '',
  `estado` VARCHAR(40) NOT NULL COMMENT '',
  PRIMARY KEY (`nombreProyecto`)  COMMENT '',
  INDEX `FK_Proyecto_0` (`jefeProyecto` ASC)  COMMENT '',
  CONSTRAINT `FK_Proyecto_0`
    FOREIGN KEY (`jefeProyecto`)
    REFERENCES `PGP_grupo11`.`Trabajador` (`user`))
ENGINE = InnoDB
DEFAULT CHARACTER SET = latin1;


-- -----------------------------------------------------
-- Table `PGP_grupo11`.`Etapa`
-- -----------------------------------------------------
CREATE TABLE IF NOT EXISTS `PGP_grupo11`.`Etapa` (
  `nombreProyecto` VARCHAR(100) NOT NULL COMMENT '',
  `numeroEtapa` INT(11) NOT NULL COMMENT '',
  `fechaInicio` DATE NOT NULL COMMENT '',
  `fechaFin` DATE NOT NULL COMMENT '',
  `fechaFinReal` DATE NULL DEFAULT NULL COMMENT '',
  `duracion` INT(11) NULL COMMENT '',
  `duracionReal` INT(11) NULL COMMENT '',
  `estado` VARCHAR(20) NULL DEFAULT NULL COMMENT '',
  PRIMARY KEY (`nombreProyecto`, `numeroEtapa`)  COMMENT '',
  CONSTRAINT `FK_etapa_0`
    FOREIGN KEY (`nombreProyecto`)
    REFERENCES `PGP_grupo11`.`Proyecto` (`nombreProyecto`))
ENGINE = InnoDB
DEFAULT CHARACTER SET = latin1;


-- -----------------------------------------------------
-- Table `PGP_grupo11`.`Actividad`
-- -----------------------------------------------------
CREATE TABLE IF NOT EXISTS `PGP_grupo11`.`Actividad` (
  `nombreProyecto` VARCHAR(100) NOT NULL COMMENT '',
  `numeroEtapa` INT(11) NOT NULL COMMENT '',
  `idActividad` INT(11) NOT NULL COMMENT '',
  `descripcion` VARCHAR(500) NOT NULL COMMENT '',
  `duracion` INT(11) NOT NULL COMMENT '',
  `duracionReal` INT(11) NULL DEFAULT NULL COMMENT '',
  `fechaComienzo` DATE NOT NULL COMMENT '',
  `fechaFin` DATE NOT NULL COMMENT '',
  `fechaFinReal` DATE NULL DEFAULT NULL COMMENT '',
  `estado` VARCHAR(20) NULL DEFAULT NULL COMMENT '',
  `tipoRol` VARCHAR(25) NULL DEFAULT NULL COMMENT '',
  PRIMARY KEY (`nombreProyecto`, `numeroEtapa`, `idActividad`)  COMMENT '',
  CONSTRAINT `FK_Actividad_0`
    FOREIGN KEY (`nombreProyecto` , `numeroEtapa`)
    REFERENCES `PGP_grupo11`.`Etapa` (`nombreProyecto` , `numeroEtapa`))
ENGINE = InnoDB
DEFAULT CHARACTER SET = latin1;


-- -----------------------------------------------------
-- Table `PGP_grupo11`.`TrabajadoresProyecto`
-- -----------------------------------------------------
CREATE TABLE IF NOT EXISTS `PGP_grupo11`.`TrabajadoresProyecto` (
  `nombreProyecto` VARCHAR(100) NOT NULL COMMENT '',
  `trabajador` VARCHAR(100) NOT NULL COMMENT '',
  `porcentaje` INT(11) NOT NULL COMMENT '',
  PRIMARY KEY (`nombreProyecto`, `trabajador`)  COMMENT '',
  INDEX `FK_TrabajadoresProyecto_1` (`trabajador` ASC)  COMMENT '',
  CONSTRAINT `FK_TrabajadoresProyecto_0`
    FOREIGN KEY (`nombreProyecto`)
    REFERENCES `PGP_grupo11`.`Proyecto` (`nombreProyecto`)
    ON DELETE RESTRICT
    ON UPDATE RESTRICT,
  CONSTRAINT `FK_TrabajadoresProyecto_1`
    FOREIGN KEY (`trabajador`)
    REFERENCES `PGP_grupo11`.`Trabajador` (`user`))
ENGINE = InnoDB
DEFAULT CHARACTER SET = latin1;


-- -----------------------------------------------------
-- Table `PGP_grupo11`.`ActividadTrabajador`
-- -----------------------------------------------------
CREATE TABLE IF NOT EXISTS `PGP_grupo11`.`ActividadTrabajador` (
  `nombreProyecto` VARCHAR(100) NOT NULL DEFAULT '' COMMENT '',
  `numeroEtapa` INT(11) NOT NULL DEFAULT '0' COMMENT '',
  `idActividad` INT(11) NOT NULL DEFAULT '0' COMMENT '',
  `nombreTrabajador` VARCHAR(100) NOT NULL DEFAULT '' COMMENT '',
  `horas` INT(11) NULL DEFAULT NULL COMMENT '',
  PRIMARY KEY (`nombreProyecto`, `numeroEtapa`, `idActividad`, `nombreTrabajador`)  COMMENT '',
  INDEX `fk_ActividadTrabajador_2_idx` (`nombreTrabajador` ASC)  COMMENT '',
  CONSTRAINT `fk_ActividadTrabajador_1`
    FOREIGN KEY (`nombreProyecto` , `numeroEtapa` , `idActividad`)
    REFERENCES `PGP_grupo11`.`Actividad` (`nombreProyecto` , `numeroEtapa` , `idActividad`)
    ON DELETE NO ACTION
    ON UPDATE NO ACTION,
  CONSTRAINT `fk_ActividadTrabajador_2`
    FOREIGN KEY (`nombreTrabajador`)
    REFERENCES `PGP_grupo11`.`TrabajadoresProyecto` (`trabajador`)
    ON DELETE NO ACTION
    ON UPDATE NO ACTION)
ENGINE = InnoDB
DEFAULT CHARACTER SET = latin1;


-- -----------------------------------------------------
-- Table `PGP_grupo11`.`Antecesora`
-- -----------------------------------------------------
CREATE TABLE IF NOT EXISTS `PGP_grupo11`.`Antecesora` (
  `proyecto1` VARCHAR(100) NOT NULL DEFAULT '' COMMENT '',
  `idEtapa1` INT(11) NOT NULL DEFAULT '0' COMMENT '',
  `idActividad1` INT(11) NOT NULL DEFAULT '0' COMMENT '',
  `proyecto2` VARCHAR(100) NOT NULL DEFAULT '' COMMENT '',
  `idEtapa2` INT(11) NOT NULL DEFAULT '0' COMMENT '',
  `idActividad2` INT(11) NOT NULL DEFAULT '0' COMMENT '',
  PRIMARY KEY (`proyecto1`, `idEtapa1`, `idActividad1`, `proyecto2`, `idEtapa2`, `idActividad2`)  COMMENT '',
  INDEX `fk_Antecesora_1_idx` (`proyecto2` ASC, `idEtapa2` ASC, `idActividad2` ASC)  COMMENT '',
  CONSTRAINT `fk_Antecesora_1`
    FOREIGN KEY (`proyecto2` , `idEtapa2` , `idActividad2`)
    REFERENCES `PGP_grupo11`.`Actividad` (`nombreProyecto` , `numeroEtapa` , `idActividad`)
    ON DELETE NO ACTION
    ON UPDATE NO ACTION)
ENGINE = InnoDB
DEFAULT CHARACTER SET = latin1;


-- -----------------------------------------------------
-- Table `PGP_grupo11`.`Tarea`
-- -----------------------------------------------------
CREATE TABLE IF NOT EXISTS `PGP_grupo11`.`Tarea` (
  `nombreProyecto` VARCHAR(100) NOT NULL COMMENT '',
  `numeroEtapa` INT(11) NOT NULL COMMENT '',
  `idActividad` INT(11) NOT NULL COMMENT '',
  `trabajador` VARCHAR(100) NOT NULL COMMENT '',
  `semana` DATE NOT NULL COMMENT '',
  `tipoTarea` VARCHAR(25) NOT NULL COMMENT '',
  `duracion` INT(11) NOT NULL COMMENT '',
  PRIMARY KEY (`nombreProyecto`, `numeroEtapa`, `idActividad`, `trabajador`, `tipoTarea`, `semana`)  COMMENT '',
  INDEX `FK_Tarea_1` (`trabajador` ASC)  COMMENT '',
  CONSTRAINT `FK_Tarea_0`
    FOREIGN KEY (`nombreProyecto` , `numeroEtapa` , `idActividad`)
    REFERENCES `PGP_grupo11`.`Actividad` (`nombreProyecto` , `numeroEtapa` , `idActividad`),
  CONSTRAINT `FK_Tarea_1`
    FOREIGN KEY (`trabajador`)
    REFERENCES `PGP_grupo11`.`Trabajador` (`user`))
ENGINE = InnoDB
DEFAULT CHARACTER SET = latin1;


-- -----------------------------------------------------
-- Table `PGP_grupo11`.`Vacaciones`
-- -----------------------------------------------------
CREATE TABLE IF NOT EXISTS `PGP_grupo11`.`Vacaciones` (
  `trabajador` VARCHAR(100) NOT NULL COMMENT '',
  `periodo` INT(11) NOT NULL COMMENT '',
  `ano` INT(11) NOT NULL COMMENT '',
  `inicio` DATE NULL DEFAULT NULL COMMENT '',
  `semanas` INT(11) NULL DEFAULT NULL COMMENT '',
  PRIMARY KEY (`trabajador`, `periodo`, `ano`)  COMMENT '',
  CONSTRAINT `FK_Vacaciones_0`
    FOREIGN KEY (`trabajador`)
    REFERENCES `PGP_grupo11`.`Trabajador` (`user`))
ENGINE = InnoDB
DEFAULT CHARACTER SET = latin1;


SET SQL_MODE=@OLD_SQL_MODE;
SET FOREIGN_KEY_CHECKS=@OLD_FOREIGN_KEY_CHECKS;
SET UNIQUE_CHECKS=@OLD_UNIQUE_CHECKS;

--  ---------------------------------------------------
--  Insercion de los datos
--  ---------------------------------------------------

--  ---------------------Trabajadores------------------

insert into Trabajador values ('Admin1', 'Admin1', 10);
insert into Trabajador values ('Admin2', 'Admin2', 10);
insert into Trabajador values ('Admin3', 'Admin3', 10);

insert into Trabajador values ('Jefe1', 'Jefe1', 1);
insert into Trabajador values ('Jefe2', 'Jefe2', 1);
insert into Trabajador values ('Jefe3', 'Jefe3', 1);

insert into Trabajador values ('Cat2-1', 'Cat2-1', 2);
insert into Trabajador values ('Cat2-2', 'Cat2-2', 2);
insert into Trabajador values ('Cat2-3', 'Cat2-3', 2);

insert into Trabajador values ('Cat3-1', 'Cat3-1', 3);
insert into Trabajador values ('Cat3-2', 'Cat3-2', 3);
insert into Trabajador values ('Cat3-3', 'Cat3-3', 3);
insert into Trabajador values ('Cat3-4', 'Cat3-4', 3);
insert into Trabajador values ('Cat3-5', 'Cat3-5', 3);

insert into Trabajador values ('Cat4-1', 'Cat4-1', 4);
insert into Trabajador values ('Cat4-2', 'Cat4-2', 4);
insert into Trabajador values ('Cat4-3', 'Cat4-3', 4);
insert into Trabajador values ('Cat4-4', 'Cat4-4', 4);
insert into Trabajador values ('Cat4-5', 'Cat4-5', 4);

-- ----------------------Vacaciones--------------------

insert into Vacaciones values ('Cat2-2', 1, 2016, '2016-6-6', 4);
insert into Vacaciones values ('Cat3-2', 1, 2016, '2016-7-4', 2);
insert into Vacaciones values ('Cat3-2', 2, 2016, '2016-8-8', 2);
insert into Vacaciones values ('Jefe1', 1, 2016, '2016-8-8', 4);
insert into Vacaciones values ('Cat4-2', 1, 2016,'2016-6-20', 3);
insert into Vacaciones values ('Cat4-2', 2, 2016, '2016-12-26', 1);

-- ----------------------Proyecto Acabado------------
insert into Proyecto values ('DAG1', '2015-11-30', '2015-12-28', '2015-12-28', 160, 164, 'Jefe1', 'cerrado');
insert into TrabajadoresProyecto values ('DAG1', 'Jefe1', 0);
insert into TrabajadoresProyecto values ('DAG1', 'Cat2-1', 50);
insert into TrabajadoresProyecto values ('DAG1', 'Cat3-1', 100);
insert into TrabajadoresProyecto values ('DAG1', 'Cat4-1', 20);
insert into Etapa values ('DAG1', 1, '2015-11-30', '2015-11-30', '2015-11-30', 18, 20, 'finalizado');
insert into Actividad values ('DAG1', 1, 1, 'Analisis de la Aplicacion', 18, 20, '2015-11-30', '2015-11-30', '2015-11-30', 'finalizado', 'Analista');
insert into ActividadTrabajador values ('DAG1', 1, 1, 'Cat2-1', 18);
insert into Tarea values ('DAG1', 1, 1, 'Cat2-1', '2015-11-30', 'tratoUsuarios', 8);
insert into Tarea values ('DAG1', 1, 1, 'Cat2-1', '2015-11-30', 'reuniones', 0);
insert into Tarea values ('DAG1', 1, 1, 'Cat2-1', '2015-11-30', 'documentacion', 2);
insert into Tarea values ('DAG1', 1, 1, 'Cat2-1', '2015-11-30', 'elaboracion' ,10);
insert into Tarea values ('DAG1', 1, 1, 'Cat2-1', '2015-11-30', 'programas' ,0);
insert into Tarea values ('DAG1', 1, 1, 'Cat2-1', '2015-11-30', 'otras' ,0);
insert into Etapa values ('DAG1', 2, '2015-12-7', '2015-12-14', '2015-12-14', 128, 128, 'finalizado');
insert into Actividad values ('DAG1', 2, 1, 'Diseño de la Aplicacion', 40, 40, '2015-12-7', '2015-12-7', '2015-12-7', 'finalizado', 'Diseñador');
insert into ActividadTrabajador values ('DAG1', 2, 1, 'Cat2-1', 20);
insert into ActividadTrabajador values ('DAG1', 2, 1, 'Cat3-1', 20);
insert into Tarea values ('DAG1', 2, 1, 'Cat2-1', '2015-12-7', 'tratoUsuarios', 8);
insert into Tarea values ('DAG1', 2, 1, 'Cat2-1', '2015-12-7', 'reuniones', 0);
insert into Tarea values ('DAG1', 2, 1, 'Cat2-1', '2015-12-7', 'documentacion', 2);
insert into Tarea values ('DAG1', 2, 1, 'Cat2-1', '2015-12-7', 'elaboracion' ,10);
insert into Tarea values ('DAG1', 2, 1, 'Cat2-1', '2015-12-7', 'programas' ,0);
insert into Tarea values ('DAG1', 2, 1, 'Cat2-1', '2015-12-7', 'otras' ,0);
insert into Tarea values ('DAG1', 2, 1, 'Cat3-1', '2015-12-7', 'tratoUsuarios', 3);
insert into Tarea values ('DAG1', 2, 1, 'Cat3-1', '2015-12-7', 'reuniones', 0);
insert into Tarea values ('DAG1', 2, 1, 'Cat3-1', '2015-12-7', 'documentacion', 2);
insert into Tarea values ('DAG1', 2, 1, 'Cat3-1', '2015-12-7', 'elaboracion' ,15);
insert into Tarea values ('DAG1', 2, 1, 'Cat3-1', '2015-12-7', 'programas' ,0);
insert into Tarea values ('DAG1', 2, 1, 'Cat3-1', '2015-12-7', 'otras' ,0);
insert into Actividad values ('DAG1', 2, 2, 'Baterias de Pruebas', 40, 40, '2015-12-7', '2015-12-14', '2015-12-14', 'finalizado', 'ResponsablePruebas');
insert into ActividadTrabajador values ('DAG1', 2, 2, 'Cat3-1', 20);
insert into Tarea values ('DAG1', 2, 2, 'Cat3-1', '2015-12-7', 'tratoUsuarios', 0);
insert into Tarea values ('DAG1', 2, 2, 'Cat3-1', '2015-12-7', 'reuniones', 0);
insert into Tarea values ('DAG1', 2, 2, 'Cat3-1', '2015-12-7', 'documentacion', 0);
insert into Tarea values ('DAG1', 2, 2, 'Cat3-1', '2015-12-7', 'elaboracion', 20);
insert into Tarea values ('DAG1', 2, 2, 'Cat3-1', '2015-12-7', 'programas', 0);
insert into Tarea values ('DAG1', 2, 2, 'Cat3-1', '2015-12-7', 'otras', 0);
insert into Tarea values ('DAG1', 2, 2, 'Cat3-1', '2015-12-14', 'tratoUsuarios', 0);
insert into Tarea values ('DAG1', 2, 2, 'Cat3-1', '2015-12-14', 'reuniones', 0);
insert into Tarea values ('DAG1', 2, 2, 'Cat3-1', '2015-12-14', 'documentacion', 0);
insert into Tarea values ('DAG1', 2, 2, 'Cat3-1', '2015-12-14', 'elaboracion', 20);
insert into Tarea values ('DAG1', 2, 2, 'Cat3-1', '2015-12-14', 'programas', 0);
insert into Tarea values ('DAG1', 2, 2, 'Cat3-1', '2015-12-14', 'otras', 0);
insert into Actividad values ('DAG1', 2, 3, 'Desarrollo', 48, 48, '2015-12-14', '2015-12-14', '2015-12-14', 'finalizado', 'Programador');
insert into ActividadTrabajador values ('DAG1', 2, 3, 'Cat2-1', 20);
insert into ActividadTrabajador values ('DAG1', 2, 3, 'Cat3-1', 20);
insert into ActividadTrabajador values ('DAG1', 2, 3, 'Cat4-1', 8);
insert into Tarea values ('DAG1', 2, 3, 'Cat2-1', '2015-12-14', 'tratoUsuarios', 0);
insert into Tarea values ('DAG1', 2, 3, 'Cat2-1', '2015-12-14', 'reuniones', 0);
insert into Tarea values ('DAG1', 2, 3, 'Cat2-1', '2015-12-14', 'documentacion', 0);
insert into Tarea values ('DAG1', 2, 3, 'Cat2-1', '2015-12-14', 'elaboracion', 0);
insert into Tarea values ('DAG1', 2, 3, 'Cat2-1', '2015-12-14', 'programas', 20);
insert into Tarea values ('DAG1', 2, 3, 'Cat2-1', '2015-12-14', 'otras', 0);
insert into Tarea values ('DAG1', 2, 3, 'Cat3-1', '2015-12-14', 'tratoUsuarios', 0);
insert into Tarea values ('DAG1', 2, 3, 'Cat3-1', '2015-12-14', 'reuniones', 0);
insert into Tarea values ('DAG1', 2, 3, 'Cat3-1', '2015-12-14', 'documentacion', 0);
insert into Tarea values ('DAG1', 2, 3, 'Cat3-1', '2015-12-14', 'elaboracion' ,0);
insert into Tarea values ('DAG1', 2, 3, 'Cat3-1', '2015-12-14', 'programas' ,20);
insert into Tarea values ('DAG1', 2, 3, 'Cat3-1', '2015-12-14', 'otras' ,0);
insert into Tarea values ('DAG1', 2, 3, 'Cat4-1', '2015-12-14', 'tratoUsuarios', 0);
insert into Tarea values ('DAG1', 2, 3, 'Cat4-1', '2015-12-14', 'reuniones', 0);
insert into Tarea values ('DAG1', 2, 3, 'Cat4-1', '2015-12-14', 'documentacion', 0);
insert into Tarea values ('DAG1', 2, 3, 'Cat4-1', '2015-12-14', 'elaboracion' ,0);
insert into Tarea values ('DAG1', 2, 3, 'Cat4-1', '2015-12-14', 'programas' ,8);
insert into Tarea values ('DAG1', 2, 3, 'Cat4-1', '2015-12-14', 'otras' ,0);
insert into Antecesora values('DAG1', 2, 1, 'DAG1', 2, 3);
insert into Etapa values ('DAG1', 3, '2015-12-21', '2015-12-28', '2015-12-28', 14, 16, 'finalizado');
insert into Actividad values ('DAG1', 3, 1, 'Pruebas', 8, 8, '2015-12-21', '2015-12-28', '2015-12-28', 'finalizado', 'Probador');
insert into ActividadTrabajador values ('DAG1', 3, 1, 'Cat4-1', 8);
insert into Tarea values ('DAG1', 3, 1, 'Cat4-1', '2015-12-21', 'tratoUsuarios', 0);
insert into Tarea values ('DAG1', 3, 1, 'Cat4-1', '2015-12-21', 'reuniones', 0);
insert into Tarea values ('DAG1', 3, 1, 'Cat4-1', '2015-12-21', 'documentacion', 0);
insert into Tarea values ('DAG1', 3, 1, 'Cat4-1', '2015-12-21', 'elaboracion', 0);
insert into Tarea values ('DAG1', 3, 1, 'Cat4-1', '2015-12-21', 'programas', 8);
insert into Tarea values ('DAG1', 3, 1, 'Cat4-1', '2015-12-21', 'otras', 0);
insert into Actividad values ('DAG1', 3, 2, 'Pruebas', 6, 8, '2015-12-21', '2015-12-28', '2015-12-28', 'finalizado', 'Probador');
insert into ActividadTrabajador values ('DAG1', 3, 2, 'Cat4-1', 6);
insert into Tarea values ('DAG1', 3, 2, 'Cat4-1', '2015-12-21', 'tratoUsuarios', 0);
insert into Tarea values ('DAG1', 3, 2, 'Cat4-1', '2015-12-21', 'reuniones', 0);
insert into Tarea values ('DAG1', 3, 2, 'Cat4-1', '2015-12-21', 'documentacion', 0);
insert into Tarea values ('DAG1', 3, 2, 'Cat4-1', '2015-12-21', 'elaboracion', 0);
insert into Tarea values ('DAG1', 3, 2, 'Cat4-1', '2015-12-21', 'programas', 8);
insert into Tarea values ('DAG1', 3, 2, 'Cat4-1', '2015-12-21', 'otras', 0);

-- ----------------------Proyecto No Acabado------------
insert into Proyecto values ('APR1', '2016-1-18', '2016-1-25', NULL, 20, NULL, 'Jefe2', 'realizando');
insert into TrabajadoresProyecto values ('APR1', 'Jefe2', 0);
insert into TrabajadoresProyecto values ('APR1', 'Cat4-3', 25);
insert into TrabajadoresProyecto values ('APR1', 'Cat4-2', 25);
insert into Etapa values ('APR1', 1, '2015-1-18', '2015-1-25', NULL, 20, NULL, 'realizando');
insert into Actividad values ('APR1', 1, 1, 'Pruebas', 10, 10, '2015-1-18', '2015-1-18', '2015-1-18', 'finalizado', 'Probador');
insert into Actividad values ('APR1', 1, 2, 'PruebasInterfaz', 10, NULL, '2015-1-18', '2015-1-18', NULL, 'realizando', 'Probador');
insert into ActividadTrabajador values ('APR1', 1, 1, 'Cat4-3', 10);
insert into ActividadTrabajador values ('APR1', 1, 2, 'Cat4-2', 10);
insert into Actividad values ('APR1', 1, 3, 'Correccion', 10, NULL, '2015-1-25', '2015-1-25', NULL, 'realizando', 'Programador');
insert into ActividadTrabajador values ('APR1', 1, 3, 'Cat4-3', 10);
insert into Antecesora values('APR1', 1, 1, 'APR1', 1, 3);
